K	componente	CLM	MXL	PEL	PUR
2	Africana (máx. en ESN)	0.096	0.043	0.025	0.162
2	Asia oriental (máx. en JPT)	0.904	0.957	0.975	0.838
3	Africana (máx. en ESN)	0.079	0.034	0.024	0.139
3	Asia oriental (máx. en CHS)	0.158	0.321	0.51	0.098
3	Europea (máx. en GBR)	0.764	0.645	0.467	0.764
4	Africana (máx. en ESN)	0.083	0.037	0.024	0.145
4	Asia del sur (máx. en ITU)	0.012	0.006	0.0	0.021
4	Asia oriental (máx. en CHS)	0.161	0.324	0.508	0.098
4	Europea (máx. en GBR)	0.743	0.634	0.467	0.735
5	Africana (máx. en ESN)	0.084	0.039	0.025	0.146
5	Asia del sur (máx. en ITU)	0.017	0.018	0.006	0.018
5	Asia oriental (máx. en CHS)	0.008	0.023	0.014	0.008
5	Europea (máx. en GBR)	0.645	0.449	0.176	0.679
5	Indígena americana (máx. en PEL)	0.246	0.471	0.779	0.149
6	Africana (máx. en GWD)	0.049	0.023	0.014	0.083
6	Africana (máx. en LWK)	0.036	0.016	0.012	0.064
6	Asia del sur (máx. en ITU)	0.017	0.018	0.006	0.018
6	Asia oriental (máx. en CHS)	0.008	0.023	0.014	0.008
6	Europea (máx. en GBR)	0.645	0.449	0.175	0.679
6	Indígena americana (máx. en PEL)	0.246	0.471	0.779	0.149
7	Africana (máx. en GWD)	0.047	0.022	0.013	0.08
7	Africana (máx. en LWK)	0.034	0.015	0.012	0.061
7	Asia del sur (máx. en ITU)	0.016	0.017	0.006	0.018
7	Asia oriental (máx. en CHS)	0.009	0.023	0.014	0.009
7	Europea (máx. en FIN)	0.102	0.087	0.028	0.087
7	Europea (máx. en TSI)	0.542	0.362	0.148	0.59
7	Indígena americana (máx. en PEL)	0.25	0.473	0.779	0.154
