gen	herencia	enfermedad_gen	CHROM	POS	REF	ALT	impacto_funcional	CLNSIG	estrellas	CLNREVSTAT	CLNDN	portadores_total	homocigotos	AF_global	umbral_AF	AF_max_superpob	AF_AFR	AF_AMR	AF_EAS	AF_EUR	AF_SAS	AF_CLM	port_AFR	port_AMR	port_EAS	port_EUR	port_SAS	port_CLM	f1_PLP	f2_estrellas>=2	f3_AF_plausible	pasa_todos
BRCA2	dominante	Cancer de mama y ovario hereditario	chr13	32339596	C	CTA	stop ganado (nonsense)	Pathogenic	3	reviewed_by_expert_panel	Inherited_breast_cancer_and_ovarian_cancer|Hereditary_cancer-predisposing_syndrome|Hereditary_breast_ovarian_cancer_syndrome|not_provided|Breast-ovarian_cancer,_familial,_susceptibility_to,_2	1	0	0.0002	0.001	0.000756	0.000756	0.0	0.0	0.0	0.0	0.0	1	0	0	0	0	0	True	True	True	True
BRCA2	dominante	Cancer de mama y ovario hereditario	chr13	32357820	G	GA	cambio de marco (frameshift)	Pathogenic	3	reviewed_by_expert_panel	Hereditary_breast_ovarian_cancer_syndrome|Breast-ovarian_cancer,_familial,_susceptibility_to,_2	1	0	0.0002	0.001	0.000992	0.0	0.0	0.000992	0.0	0.0	0.0	0	0	1	0	0	0	True	True	True	True
ATP7B	recesivo	Enfermedad de Wilson	chr13	51950132	C	T	missense	Pathogenic/Likely_pathogenic	2	criteria_provided,_multiple_submitters,_no_conflicts	ATP7B-related_disorder|Inborn_genetic_diseases|not_provided|Wilson_disease	5	0	0.000998	0.02	0.001988	0.0	0.001441	0.001984	0.001988	0.0	0.0	0	1	2	2	0	0	True	True	True	True
ATP7B	recesivo	Enfermedad de Wilson	chr13	51974407	G	T	stop ganado (nonsense)	Pathogenic/Likely_pathogenic	2	criteria_provided,_multiple_submitters,_no_conflicts	ATP7B-related_disorder|Intellectual_disability,_Wolff_type|not_provided|Wilson_disease	2	0	0.000399	0.02	0.002045	0.0	0.0	0.0	0.0	0.002045	0.0	0	0	0	0	2	0	True	True	True	True
GAA	recesivo	Enfermedad de Pompe	chr17	80104542	T	G	intronica	Pathogenic	3	reviewed_by_expert_panel	GAA-related_disorders|GAA-related_disorder|Glycogen_storage_disease_due_to_acid_maltase_deficiency,_late-onset|Glycogen_storage_disease,_type_II|Fetal_anomalies_with_a_likely_genetic_cause|Cardiovascular_phenotype|not_provided|Glycogen_storage_disease,_type_IV|Myopathy|Glycogen_storage_disease|See_cases	14	0	0.002796	0.02	0.006958	0.001513	0.005764	0.0	0.006958	0.001022	0.0	2	4	0	7	1	0	True	True	True	True
GAA	recesivo	Enfermedad de Pompe	chr17	80105873	G	A	missense	Likely_pathogenic	3	reviewed_by_expert_panel	Glycogen_storage_disease,_type_II|not_provided	1	0	0.0002	0.02	0.000756	0.000756	0.0	0.0	0.0	0.0	0.0	1	0	0	0	0	0	True	True	True	True
GAA	recesivo	Enfermedad de Pompe	chr17	80107705	C	T	missense	Likely_pathogenic	3	reviewed_by_expert_panel	GAA-related_disorders|GAA-related_disorder|Cardiovascular_phenotype|not_provided|Glycogen_storage_disease,_type_II	2	0	0.000399	0.02	0.001988	0.0	0.0	0.0	0.001988	0.0	0.0	0	0	0	2	0	0	True	True	True	True
GAA	recesivo	Enfermedad de Pompe	chr17	80107866	G	A	missense	Pathogenic	3	reviewed_by_expert_panel	GAA-related_disorders|not_provided|Glycogen_storage_disease,_type_II	1	0	0.0002	0.02	0.000994	0.0	0.0	0.0	0.000994	0.0	0.0	0	0	0	1	0	0	True	True	True	True
GAA	recesivo	Enfermedad de Pompe	chr17	80112666	G	A	missense	Pathogenic	3	reviewed_by_expert_panel	not_provided|Glycogen_storage_disease,_type_II	1	0	0.0002	0.02	0.000992	0.0	0.0	0.000992	0.0	0.0	0.0	0	0	1	0	0	0	True	True	True	True
GAA	recesivo	Enfermedad de Pompe	chr17	80112929	G	A	missense	Pathogenic	3	reviewed_by_expert_panel	not_provided|Glycogen_storage_disease,_type_II	1	0	0.0002	0.02	0.000756	0.000756	0.0	0.0	0.0	0.0	0.0	1	0	0	0	0	0	True	True	True	True
GAA	recesivo	Enfermedad de Pompe	chr17	80117016	G	C	missense	Pathogenic	3	reviewed_by_expert_panel	GAA-related_disorders|GAA-related_disorder|Cardiovascular_phenotype|not_provided|Glycogen_storage_disease|Glycogen_storage_disease,_type_II	2	0	0.000399	0.02	0.001441	0.0	0.001441	0.0	0.000994	0.0	0.005319	0	1	0	1	0	1	True	True	True	True
GAA	recesivo	Enfermedad de Pompe	chr17	80118271	C	T	stop ganado (nonsense)	Pathogenic	3	reviewed_by_expert_panel	GAA-related_disorders|GAA-related_disorder|Glycogen_storage_disease_due_to_acid_maltase_deficiency,_late-onset|Cardiovascular_phenotype|not_provided|Glycogen_storage_disease,_type_II	5	0	0.000998	0.02	0.003782	0.003782	0.0	0.0	0.0	0.0	0.0	5	0	0	0	0	0	True	True	True	True
