gen	grupo	categoria	n	total	proporcion
CYP2C19	AFR	Indeterminado	13	661	0.0197
CYP2C19	AFR	Intermedio	215	661	0.3253
CYP2C19	AFR	Normal	194	661	0.2935
CYP2C19	AFR	Pobre	31	661	0.0469
CYP2C19	AFR	Rápido	173	661	0.2617
CYP2C19	AFR	Ultrarrápido	35	661	0.053
CYP2C19	CLM	Indeterminado	1	94	0.0106
CYP2C19	CLM	Intermedio	20	94	0.2128
CYP2C19	CLM	Normal	55	94	0.5851
CYP2C19	CLM	Rápido	17	94	0.1809
CYP2C19	CLM	Ultrarrápido	1	94	0.0106
CYP2C19	EAS	Intermedio	254	504	0.504
CYP2C19	EAS	Normal	184	504	0.3651
CYP2C19	EAS	Pobre	59	504	0.1171
CYP2C19	EAS	Rápido	7	504	0.0139
CYP2C19	EUR	Intermedio	138	503	0.2744
CYP2C19	EUR	Normal	190	503	0.3777
CYP2C19	EUR	Pobre	6	503	0.0119
CYP2C19	EUR	Rápido	147	503	0.2922
CYP2C19	EUR	Ultrarrápido	22	503	0.0437
CYP2C19	MXL	Intermedio	15	64	0.2344
CYP2C19	MXL	Normal	37	64	0.5781
CYP2C19	MXL	Pobre	1	64	0.0156
CYP2C19	MXL	Rápido	9	64	0.1406
CYP2C19	MXL	Ultrarrápido	2	64	0.0312
CYP2C19	PEL	Intermedio	9	85	0.1059
CYP2C19	PEL	Normal	69	85	0.8118
CYP2C19	PEL	Pobre	1	85	0.0118
CYP2C19	PEL	Rápido	6	85	0.0706
CYP2C19	PUR	Intermedio	25	104	0.2404
CYP2C19	PUR	Normal	46	104	0.4423
CYP2C19	PUR	Pobre	2	104	0.0192
CYP2C19	PUR	Rápido	28	104	0.2692
CYP2C19	PUR	Ultrarrápido	3	104	0.0288
CYP2C19	SAS	Indeterminado	14	489	0.0286
CYP2C19	SAS	Intermedio	197	489	0.4029
CYP2C19	SAS	Normal	113	489	0.2311
CYP2C19	SAS	Pobre	80	489	0.1636
CYP2C19	SAS	Rápido	73	489	0.1493
CYP2C19	SAS	Ultrarrápido	12	489	0.0245
CYP2C9	AFR	Indeterminado	3	661	0.0045
CYP2C9	AFR	Intermedio	139	661	0.2103
CYP2C9	AFR	Normal	517	661	0.7821
CYP2C9	AFR	Pobre	2	661	0.003
CYP2C9	CLM	Intermedio	31	94	0.3298
CYP2C9	CLM	Normal	61	94	0.6489
CYP2C9	CLM	Pobre	2	94	0.0213
CYP2C9	EAS	Intermedio	38	504	0.0754
CYP2C9	EAS	Normal	464	504	0.9206
CYP2C9	EAS	Pobre	2	504	0.004
CYP2C9	EUR	Intermedio	173	503	0.3439
CYP2C9	EUR	Normal	319	503	0.6342
CYP2C9	EUR	Pobre	11	503	0.0219
CYP2C9	MXL	Indeterminado	1	64	0.0156
CYP2C9	MXL	Intermedio	16	64	0.25
CYP2C9	MXL	Normal	47	64	0.7344
CYP2C9	PEL	Intermedio	6	85	0.0706
CYP2C9	PEL	Normal	79	85	0.9294
CYP2C9	PUR	Indeterminado	2	104	0.0192
CYP2C9	PUR	Intermedio	36	104	0.3462
CYP2C9	PUR	Normal	65	104	0.625
CYP2C9	PUR	Pobre	1	104	0.0096
CYP2C9	SAS	Indeterminado	5	489	0.0102
CYP2C9	SAS	Intermedio	132	489	0.2699
CYP2C9	SAS	Normal	338	489	0.6912
CYP2C9	SAS	Pobre	14	489	0.0286
CYP3A5	AFR	Intermedio	314	661	0.475
CYP3A5	AFR	Normal	205	661	0.3101
CYP3A5	AFR	Pobre	142	661	0.2148
CYP3A5	CLM	Intermedio	25	94	0.266
CYP3A5	CLM	Normal	4	94	0.0426
CYP3A5	CLM	Pobre	65	94	0.6915
CYP3A5	EAS	Intermedio	209	504	0.4147
CYP3A5	EAS	Normal	40	504	0.0794
CYP3A5	EAS	Pobre	255	504	0.506
CYP3A5	EUR	Intermedio	50	503	0.0994
CYP3A5	EUR	Normal	2	503	0.004
CYP3A5	EUR	Pobre	451	503	0.8966
CYP3A5	MXL	Intermedio	23	64	0.3594
CYP3A5	MXL	Normal	2	64	0.0312
CYP3A5	MXL	Pobre	39	64	0.6094
CYP3A5	PEL	Intermedio	14	85	0.1647
CYP3A5	PEL	Normal	2	85	0.0235
CYP3A5	PEL	Pobre	69	85	0.8118
CYP3A5	PUR	Intermedio	31	104	0.2981
CYP3A5	PUR	Normal	7	104	0.0673
CYP3A5	PUR	Pobre	66	104	0.6346
CYP3A5	SAS	Intermedio	208	489	0.4254
CYP3A5	SAS	Normal	58	489	0.1186
CYP3A5	SAS	Pobre	223	489	0.456
DPYD	AFR	Indeterminado	235	661	0.3555
DPYD	AFR	Intermedio	1	661	0.0015
DPYD	AFR	Normal	425	661	0.643
DPYD	CLM	Indeterminado	31	94	0.3298
DPYD	CLM	Intermedio	1	94	0.0106
DPYD	CLM	Normal	62	94	0.6596
DPYD	EAS	Indeterminado	69	504	0.1369
DPYD	EAS	Normal	435	504	0.8631
DPYD	EUR	Indeterminado	154	503	0.3062
DPYD	EUR	Intermedio	10	503	0.0199
DPYD	EUR	Normal	339	503	0.674
DPYD	MXL	Indeterminado	20	64	0.3125
DPYD	MXL	Intermedio	1	64	0.0156
DPYD	MXL	Normal	43	64	0.6719
DPYD	PEL	Indeterminado	22	85	0.2588
DPYD	PEL	Normal	63	85	0.7412
DPYD	PUR	Indeterminado	28	104	0.2692
DPYD	PUR	Normal	76	104	0.7308
DPYD	SAS	Indeterminado	102	489	0.2086
DPYD	SAS	Intermedio	11	489	0.0225
DPYD	SAS	Normal	375	489	0.7669
DPYD	SAS	Pobre	1	489	0.002
NUDT15	AFR	Indeterminado	1	661	0.0015
NUDT15	AFR	Intermedio	4	661	0.0061
NUDT15	AFR	Normal	656	661	0.9924
NUDT15	CLM	Intermedio	8	94	0.0851
NUDT15	CLM	Normal	86	94	0.9149
NUDT15	EAS	Intermedio	90	504	0.1786
NUDT15	EAS	Normal	401	504	0.7956
NUDT15	EAS	Pobre	13	504	0.0258
NUDT15	EUR	Intermedio	5	503	0.0099
NUDT15	EUR	Normal	498	503	0.9901
NUDT15	MXL	Intermedio	8	64	0.125
NUDT15	MXL	Normal	56	64	0.875
NUDT15	PEL	Intermedio	17	85	0.2
NUDT15	PEL	Normal	66	85	0.7765
NUDT15	PEL	Pobre	2	85	0.0235
NUDT15	PUR	Intermedio	2	104	0.0192
NUDT15	PUR	Normal	101	104	0.9712
NUDT15	PUR	Pobre	1	104	0.0096
NUDT15	SAS	Intermedio	64	489	0.1309
NUDT15	SAS	Normal	422	489	0.863
NUDT15	SAS	Pobre	3	489	0.0061
SLCO1B1	AFR	Indeterminado	121	661	0.1831
SLCO1B1	AFR	Intermedio	98	661	0.1483
SLCO1B1	AFR	Normal	433	661	0.6551
SLCO1B1	AFR	Pobre	8	661	0.0121
SLCO1B1	AFR	Rápido	1	661	0.0015
SLCO1B1	CLM	Indeterminado	2	94	0.0213
SLCO1B1	CLM	Intermedio	28	94	0.2979
SLCO1B1	CLM	Normal	54	94	0.5745
SLCO1B1	CLM	Pobre	3	94	0.0319
SLCO1B1	CLM	Rápido	7	94	0.0745
SLCO1B1	EAS	Indeterminado	11	504	0.0218
SLCO1B1	EAS	Intermedio	108	504	0.2143
SLCO1B1	EAS	Normal	373	504	0.7401
SLCO1B1	EAS	Pobre	12	504	0.0238
SLCO1B1	EUR	Indeterminado	3	503	0.006
SLCO1B1	EUR	Intermedio	142	503	0.2823
SLCO1B1	EUR	Normal	336	503	0.668
SLCO1B1	EUR	Pobre	9	503	0.0179
SLCO1B1	EUR	Rápido	13	503	0.0258
SLCO1B1	MXL	Intermedio	10	64	0.1562
SLCO1B1	MXL	Normal	54	64	0.8438
SLCO1B1	PEL	Indeterminado	2	85	0.0235
SLCO1B1	PEL	Intermedio	19	85	0.2235
SLCO1B1	PEL	Normal	61	85	0.7176
SLCO1B1	PEL	Pobre	3	85	0.0353
SLCO1B1	PUR	Indeterminado	3	104	0.0288
SLCO1B1	PUR	Intermedio	25	104	0.2404
SLCO1B1	PUR	Normal	69	104	0.6635
SLCO1B1	PUR	Pobre	1	104	0.0096
SLCO1B1	PUR	Rápido	6	104	0.0577
SLCO1B1	SAS	Indeterminado	44	489	0.09
SLCO1B1	SAS	Intermedio	36	489	0.0736
SLCO1B1	SAS	Normal	406	489	0.8303
SLCO1B1	SAS	Pobre	2	489	0.0041
SLCO1B1	SAS	Rápido	1	489	0.002
TPMT	AFR	Indeterminado	34	661	0.0514
TPMT	AFR	Intermedio	79	661	0.1195
TPMT	AFR	Normal	542	661	0.82
TPMT	AFR	Pobre	6	661	0.0091
TPMT	CLM	Intermedio	6	94	0.0638
TPMT	CLM	Normal	88	94	0.9362
TPMT	EAS	Intermedio	22	504	0.0437
TPMT	EAS	Normal	482	504	0.9563
TPMT	EUR	Indeterminado	1	503	0.002
TPMT	EUR	Intermedio	37	503	0.0736
TPMT	EUR	Normal	464	503	0.9225
TPMT	EUR	Pobre	1	503	0.002
TPMT	MXL	Indeterminado	1	64	0.0156
TPMT	MXL	Intermedio	6	64	0.0938
TPMT	MXL	Normal	57	64	0.8906
TPMT	PEL	Intermedio	12	85	0.1412
TPMT	PEL	Normal	73	85	0.8588
TPMT	PUR	Intermedio	16	104	0.1538
TPMT	PUR	Normal	86	104	0.8269
TPMT	PUR	Pobre	2	104	0.0192
TPMT	SAS	Intermedio	17	489	0.0348
TPMT	SAS	Normal	472	489	0.9652
UGT1A1	AFR	Intermedio	346	661	0.5234
UGT1A1	AFR	Normal	161	661	0.2436
UGT1A1	AFR	Pobre	154	661	0.233
UGT1A1	CLM	Intermedio	41	94	0.4362
UGT1A1	CLM	Normal	39	94	0.4149
UGT1A1	CLM	Pobre	14	94	0.1489
UGT1A1	EAS	Indeterminado	14	504	0.0278
UGT1A1	EAS	Intermedio	169	504	0.3353
UGT1A1	EAS	Normal	279	504	0.5536
UGT1A1	EAS	Pobre	42	504	0.0833
UGT1A1	EUR	Intermedio	216	503	0.4294
UGT1A1	EUR	Normal	241	503	0.4791
UGT1A1	EUR	Pobre	46	503	0.0915
UGT1A1	MXL	Intermedio	34	64	0.5312
UGT1A1	MXL	Normal	22	64	0.3438
UGT1A1	MXL	Pobre	8	64	0.125
UGT1A1	PEL	Intermedio	46	85	0.5412
UGT1A1	PEL	Normal	23	85	0.2706
UGT1A1	PEL	Pobre	16	85	0.1882
UGT1A1	PUR	Intermedio	53	104	0.5096
UGT1A1	PUR	Normal	40	104	0.3846
UGT1A1	PUR	Pobre	11	104	0.1058
UGT1A1	SAS	Indeterminado	3	489	0.0061
UGT1A1	SAS	Intermedio	248	489	0.5072
UGT1A1	SAS	Normal	144	489	0.2945
UGT1A1	SAS	Pobre	94	489	0.1922
VKORC1	AFR	Intermedio	66	661	0.0998
VKORC1	AFR	Normal	592	661	0.8956
VKORC1	AFR	Pobre	3	661	0.0045
VKORC1	CLM	Intermedio	43	94	0.4574
VKORC1	CLM	Normal	33	94	0.3511
VKORC1	CLM	Pobre	18	94	0.1915
VKORC1	EAS	Intermedio	98	504	0.1944
VKORC1	EAS	Normal	9	504	0.0179
VKORC1	EAS	Pobre	397	504	0.7877
VKORC1	EUR	Intermedio	232	503	0.4612
VKORC1	EUR	Normal	192	503	0.3817
VKORC1	EUR	Pobre	79	503	0.1571
VKORC1	MXL	Intermedio	34	64	0.5312
VKORC1	MXL	Normal	17	64	0.2656
VKORC1	MXL	Pobre	13	64	0.2031
VKORC1	PEL	Intermedio	41	85	0.4824
VKORC1	PEL	Normal	32	85	0.3765
VKORC1	PEL	Pobre	12	85	0.1412
VKORC1	PUR	Intermedio	47	104	0.4519
VKORC1	PUR	Normal	40	104	0.3846
VKORC1	PUR	Pobre	17	104	0.1635
VKORC1	SAS	Intermedio	118	489	0.2413
VKORC1	SAS	Normal	359	489	0.7342
VKORC1	SAS	Pobre	12	489	0.0245
