gen	poblacion	diplotipo	n	proporcion
CYP2C19	CLM	*1/*1	45	0.479
CYP2C19	CLM	*1/*17	16	0.17
CYP2C19	CLM	*1/*2	15	0.16
CYP2C19	CLM	*1/*38	10	0.106
CYP2C19	CLM	*2/*17	4	0.043
CYP2C19	MXL	*1/*1	35	0.547
CYP2C19	MXL	*1/*2	12	0.188
CYP2C19	MXL	*1/*17	8	0.125
CYP2C19	MXL	*1/*38	2	0.031
CYP2C19	MXL	*17/*17	2	0.031
CYP2C19	PEL	*1/*1	67	0.788
CYP2C19	PEL	*1/*2	8	0.094
CYP2C19	PEL	*1/*17	6	0.071
CYP2C19	PEL	*1/*38	2	0.024
CYP2C19	PEL	*2/*17	1	0.012
CYP2C19	PUR	*1/*1	42	0.404
CYP2C19	PUR	*1/*17	24	0.231
CYP2C19	PUR	*1/*2	19	0.183
CYP2C19	PUR	*1/*38	4	0.038
CYP2C19	PUR	*17/*17	3	0.029
CYP2C9	CLM	*1/*1	61	0.649
CYP2C9	CLM	*1/*2	21	0.223
CYP2C9	CLM	*1/*3	10	0.106
CYP2C9	CLM	*2/*3	2	0.021
CYP2C9	MXL	*1/*1	47	0.734
CYP2C9	MXL	*1/*2	13	0.203
CYP2C9	MXL	*1/*3	3	0.047
CYP2C9	MXL	no call	1	0.016
CYP2C9	PEL	*1/*1	79	0.929
CYP2C9	PEL	*1/*2	4	0.047
CYP2C9	PEL	*1/*3	2	0.024
CYP2C9	PUR	*1/*1	65	0.625
CYP2C9	PUR	*1/*2	22	0.212
CYP2C9	PUR	*1/*3	8	0.077
CYP2C9	PUR	no call	2	0.019
CYP2C9	PUR	*1/*12	1	0.01
CYP3A5	CLM	*3/*3	63	0.67
CYP3A5	CLM	*1/*3	25	0.266
CYP3A5	CLM	*1/*1	4	0.043
CYP3A5	CLM	*3/*6	2	0.021
CYP3A5	MXL	*3/*3	37	0.578
CYP3A5	MXL	*1/*3	22	0.344
CYP3A5	MXL	*1/*1	2	0.031
CYP3A5	MXL	*3/*6	2	0.031
CYP3A5	MXL	*1/*6	1	0.016
CYP3A5	PEL	*3/*3	66	0.776
CYP3A5	PEL	*1/*3	14	0.165
CYP3A5	PEL	*1/*1	2	0.024
CYP3A5	PEL	*3/*6	2	0.024
CYP3A5	PEL	*3/*7	1	0.012
CYP3A5	PUR	*3/*3	60	0.577
CYP3A5	PUR	*1/*3	28	0.269
CYP3A5	PUR	*1/*1	7	0.067
CYP3A5	PUR	*3/*6	5	0.048
CYP3A5	PUR	*1/*6	3	0.029
DPYD	CLM	Reference/Reference	24	0.255
DPYD	CLM	Reference/c.1627A>G (*5)	10	0.106
DPYD	CLM	Reference/[c.85T>C (*9A) + c.496A>G]	7	0.074
DPYD	CLM	Reference/c.85T>C (*9A)	6	0.064
DPYD	CLM	Reference/c.2194G>A (*6)	4	0.043
DPYD	MXL	Reference/Reference	13	0.203
DPYD	MXL	Reference/c.1627A>G (*5)	13	0.203
DPYD	MXL	Reference/[c.85T>C (*9A) + c.1627A>G (*5)]	3	0.047
DPYD	MXL	Reference/c.85T>C (*9A)	3	0.047
DPYD	MXL	c.85T>C (*9A)/c.85T>C (*9A)	3	0.047
DPYD	PEL	Reference/c.1627A>G (*5)	22	0.259
DPYD	PEL	c.1627A>G (*5)/c.1627A>G (*5)	15	0.176
DPYD	PEL	Reference/Reference	10	0.118
DPYD	PEL	Reference/c.1896T>C	3	0.035
DPYD	PEL	c.1627A>G (*5)/[c.85T>C (*9A) + c.1896T>C]	3	0.035
DPYD	PUR	Reference/Reference	23	0.221
DPYD	PUR	Reference/c.1627A>G (*5)	14	0.135
DPYD	PUR	Reference/c.85T>C (*9A)	14	0.135
DPYD	PUR	Reference/[c.85T>C (*9A) + c.496A>G]	6	0.058
DPYD	PUR	c.85T>C (*9A)/c.1627A>G (*5)	5	0.048
NUDT15	CLM	*1/*1	86	0.915
NUDT15	CLM	*1/*3	4	0.043
NUDT15	CLM	*1/*4	3	0.032
NUDT15	CLM	*1/*6	1	0.011
NUDT15	MXL	*1/*1	56	0.875
NUDT15	MXL	*1/*3	6	0.094
NUDT15	MXL	*1/*4	2	0.031
NUDT15	PEL	*1/*1	66	0.776
NUDT15	PEL	*1/*3	16	0.188
NUDT15	PEL	*3/*3	2	0.024
NUDT15	PEL	*1/*6	1	0.012
NUDT15	PUR	*1/*1	101	0.971
NUDT15	PUR	*1/*9	2	0.019
NUDT15	PUR	*3/*9	1	0.01
SLCO1B1	CLM	*1/*1	23	0.245
SLCO1B1	CLM	*1/*15	13	0.138
SLCO1B1	CLM	*1/*37	12	0.128
SLCO1B1	CLM	*1/*14	9	0.096
SLCO1B1	CLM	*14/*14	5	0.053
SLCO1B1	MXL	*1/*1	23	0.359
SLCO1B1	MXL	*1/*37	20	0.312
SLCO1B1	MXL	*1/*14	6	0.094
SLCO1B1	MXL	*1/*15	4	0.062
SLCO1B1	MXL	*37/*37	4	0.062
SLCO1B1	PEL	*1/*37	29	0.341
SLCO1B1	PEL	*1/*1	19	0.224
SLCO1B1	PEL	*1/*15	10	0.118
SLCO1B1	PEL	*15/*37	6	0.071
SLCO1B1	PEL	*37/*37	5	0.059
SLCO1B1	PUR	*1/*1	25	0.24
SLCO1B1	PUR	*1/*14	13	0.125
SLCO1B1	PUR	*1/*15	12	0.115
SLCO1B1	PUR	*1/*37	10	0.096
SLCO1B1	PUR	*1/*20	6	0.058
TPMT	CLM	*1/*1	87	0.926
TPMT	CLM	*1/*2	2	0.021
TPMT	CLM	*1/*3A	2	0.021
TPMT	CLM	*1/*3C	2	0.021
TPMT	CLM	*1/*8	1	0.011
TPMT	MXL	*1/*1	57	0.891
TPMT	MXL	*1/*3A	5	0.078
TPMT	MXL	*1/*24	1	0.016
TPMT	MXL	*3C/*24	1	0.016
TPMT	PEL	*1/*1	72	0.847
TPMT	PEL	*1/*3A	11	0.129
TPMT	PEL	*1/*2	1	0.012
TPMT	PEL	*1/*8	1	0.012
TPMT	PUR	*1/*1	86	0.827
TPMT	PUR	*1/*3C	8	0.077
TPMT	PUR	*1/*3A	7	0.067
TPMT	PUR	*1/*2	1	0.01
TPMT	PUR	*3A/*3A	1	0.01
UGT1A1	CLM	*1/*1	39	0.415
UGT1A1	CLM	*1/*80+*28	38	0.404
UGT1A1	CLM	*80+*28/*80+*28	12	0.128
UGT1A1	CLM	*1/*6	3	0.032
UGT1A1	CLM	*6/*80+*28	2	0.021
UGT1A1	MXL	*1/*80+*28	32	0.5
UGT1A1	MXL	*1/*1	21	0.328
UGT1A1	MXL	*80+*28/*80+*28	6	0.094
UGT1A1	MXL	*1/*6	2	0.031
UGT1A1	MXL	*36/*36	1	0.016
UGT1A1	PEL	*1/*80+*28	45	0.529
UGT1A1	PEL	*1/*1	22	0.259
UGT1A1	PEL	*80+*28/*80+*28	16	0.188
UGT1A1	PEL	*1/*28	1	0.012
UGT1A1	PEL	*1/*36	1	0.012
UGT1A1	PUR	*1/*80+*28	52	0.5
UGT1A1	PUR	*1/*1	38	0.365
UGT1A1	PUR	*80+*28/*80+*28	11	0.106
UGT1A1	PUR	*1/*36	2	0.019
UGT1A1	PUR	*1/*80+*37	1	0.01
VKORC1	CLM	rs9923231 reference (C)/rs9923231 variant (T)	43	0.457
VKORC1	CLM	rs9923231 reference (C)/rs9923231 reference (C)	33	0.351
VKORC1	CLM	rs9923231 variant (T)/rs9923231 variant (T)	18	0.191
VKORC1	MXL	rs9923231 reference (C)/rs9923231 variant (T)	34	0.531
VKORC1	MXL	rs9923231 reference (C)/rs9923231 reference (C)	17	0.266
VKORC1	MXL	rs9923231 variant (T)/rs9923231 variant (T)	13	0.203
VKORC1	PEL	rs9923231 reference (C)/rs9923231 variant (T)	41	0.482
VKORC1	PEL	rs9923231 reference (C)/rs9923231 reference (C)	32	0.376
VKORC1	PEL	rs9923231 variant (T)/rs9923231 variant (T)	12	0.141
VKORC1	PUR	rs9923231 reference (C)/rs9923231 variant (T)	47	0.452
VKORC1	PUR	rs9923231 reference (C)/rs9923231 reference (C)	40	0.385
VKORC1	PUR	rs9923231 variant (T)/rs9923231 variant (T)	17	0.163
