gen	fenotipo_accionable	farmaco_ejemplo	comparacion	CLM_%	CLM_IC95	otro_%	otro_IC95	n_CLM	n_otro	odds_ratio	p	q_FDR	significativo_q<0.05
CYP2C19	función disminuida (PM+IM)	clopidogrel	CLM vs EUR	21.5	14.4-30.9	28.6	24.9-32.7	93	503	0.68	0.1668429377658977	0.22751309695349686	False
CYP2C19	función disminuida (PM+IM)	clopidogrel	CLM vs AFR	21.5	14.4-30.9	38.0	34.3-41.8	93	648	0.45	0.001741839990311288	0.00435459997577822	True
CYP2C19	función disminuida (PM+IM)	clopidogrel	CLM vs EAS	21.5	14.4-30.9	62.1	57.8-66.2	93	504	0.17	3.124811034019097e-13	2.3436082755143227e-12	True
CYP2C19	función aumentada (RM+UM)	IBP, citalopram/escitalopram	CLM vs EUR	19.4	12.6-28.5	33.6	29.6-37.8	93	503	0.47	0.007173558092206083	0.012659220162716617	True
CYP2C19	función aumentada (RM+UM)	IBP, citalopram/escitalopram	CLM vs AFR	19.4	12.6-28.5	32.1	28.6-35.8	93	648	0.51	0.011552426211268185	0.019254043685446975	True
CYP2C19	función aumentada (RM+UM)	IBP, citalopram/escitalopram	CLM vs EAS	19.4	12.6-28.5	1.4	0.7-2.8	93	504	17.04	1.2467555659924502e-10	6.233777829962251e-10	True
CYP2C9	función disminuida (PM+IM)	warfarina, fenitoína, AINE	CLM vs EUR	35.1	26.2-45.2	36.6	32.5-40.9	94	503	0.94	0.816262705185591	0.8599062968812667	False
CYP2C9	función disminuida (PM+IM)	warfarina, fenitoína, AINE	CLM vs AFR	35.1	26.2-45.2	21.4	18.5-24.7	94	658	1.98	0.0056533908674340945	0.011306781734868189	True
CYP2C9	función disminuida (PM+IM)	warfarina, fenitoína, AINE	CLM vs EAS	35.1	26.2-45.2	7.9	5.9-10.6	94	504	6.28	7.962723285739154e-11	4.777633971443492e-10	True
CYP3A5	expresor (NM+IM)	tacrolimus (requiere más dosis)	CLM vs EUR	30.9	22.4-40.8	10.3	8.0-13.3	94	503	3.87	1.4629808026434374e-06	6.269917725614731e-06	True
CYP3A5	expresor (NM+IM)	tacrolimus (requiere más dosis)	CLM vs AFR	30.9	22.4-40.8	78.5	75.2-81.5	94	661	0.12	1.1409941895577898e-19	1.1409941895577899e-18	True
CYP3A5	expresor (NM+IM)	tacrolimus (requiere más dosis)	CLM vs EAS	30.9	22.4-40.8	49.4	45.1-53.8	94	504	0.46	0.0010297751562422341	0.0028084776988424568	True
DPYD	función disminuida (PM+IM)	5-FU, capecitabina	CLM vs EUR	1.6	0.3-8.5	2.9	1.6-5.2	63	349	0.55	1.0	1.0	False
DPYD	función disminuida (PM+IM)	5-FU, capecitabina	CLM vs AFR	1.6	0.3-8.5	0.2	0.0-1.3	63	426	6.85	0.24130041235039726	0.3147396682831269	False
DPYD	función disminuida (PM+IM)	5-FU, capecitabina	CLM vs EAS	1.6	0.3-8.5	0.0	0.0-0.9	63	435	inf	0.12650602409638556	0.1807228915662651	False
TPMT	función disminuida (PM+IM)	tiopurinas	CLM vs EUR	6.4	3.0-13.2	7.6	5.6-10.2	94	502	0.83	0.8312427536518912	0.8599062968812667	False
TPMT	función disminuida (PM+IM)	tiopurinas	CLM vs AFR	6.4	3.0-13.2	13.6	11.1-16.5	94	627	0.43	0.06506376112839769	0.1027322544132595	False
TPMT	función disminuida (PM+IM)	tiopurinas	CLM vs EAS	6.4	3.0-13.2	4.4	2.9-6.5	94	504	1.49	0.4223566630419321	0.5068279956503186	False
NUDT15	función disminuida (PM+IM)	tiopurinas	CLM vs EUR	8.5	4.4-15.9	1.0	0.4-2.3	94	503	9.27	0.00018737543216984783	0.0006245847738994927	True
NUDT15	función disminuida (PM+IM)	tiopurinas	CLM vs AFR	8.5	4.4-15.9	0.6	0.2-1.5	94	660	15.26	1.4327099507188754e-05	5.372662315195783e-05	True
NUDT15	función disminuida (PM+IM)	tiopurinas	CLM vs EAS	8.5	4.4-15.9	20.4	17.1-24.2	94	504	0.36	0.005651205261605896	0.011306781734868189	True
SLCO1B1	función disminuida o pobre	simvastatina y otras estatinas	CLM vs EUR	33.7	24.9-43.8	30.2	26.3-34.4	92	500	1.17	0.5391809603366498	0.622131877311519	False
SLCO1B1	función disminuida o pobre	simvastatina y otras estatinas	CLM vs AFR	33.7	24.9-43.8	19.6	16.5-23.2	92	540	2.08	0.003841821633901254	0.008865742232079817	True
SLCO1B1	función disminuida o pobre	simvastatina y otras estatinas	CLM vs EAS	33.7	24.9-43.8	24.3	20.8-28.3	92	493	1.58	0.06911727692656398	0.10367591538984597	False
UGT1A1	función disminuida (PM+IM)	irinotecán, atazanavir	CLM vs EUR	58.5	48.4-67.9	52.1	47.7-56.4	94	503	1.3	0.26233673777532734	0.3279209222191592	False
UGT1A1	función disminuida (PM+IM)	irinotecán, atazanavir	CLM vs AFR	58.5	48.4-67.9	75.6	72.2-78.8	94	661	0.45	0.0006986150398523116	0.002095845119556935	True
UGT1A1	función disminuida (PM+IM)	irinotecán, atazanavir	CLM vs EAS	58.5	48.4-67.9	43.1	38.7-47.5	94	490	1.86	0.006620452214309238	0.01241334790182982	True
VKORC1	portador rs9923231-T (sensibilidad)	warfarina (menor dosis)	CLM vs EUR	64.9	54.8-73.8	61.8	57.5-66.0	94	503	1.14	0.6431693292932241	0.7146325881035823	False
VKORC1	portador rs9923231-T (sensibilidad)	warfarina (menor dosis)	CLM vs AFR	64.9	54.8-73.8	10.4	8.3-13.0	94	661	15.86	9.679950177323784e-30	2.9039850531971352e-28	True
VKORC1	portador rs9923231-T (sensibilidad)	warfarina (menor dosis)	CLM vs EAS	64.9	54.8-73.8	98.2	96.6-99.1	94	504	0.03	2.0133245684472682e-21	3.019986852670902e-20	True
